/*
 Navicat Premium Data Transfer

 Source Server         : Heroku db
 Source Server Type    : PostgreSQL
 Source Server Version : 130003
 Source Host           : ec2-54-155-35-88.eu-west-1.compute.amazonaws.com:5432
 Source Catalog        : d7ical92evu35u
 Source Schema         : public

 Target Server Type    : PostgreSQL
 Target Server Version : 130003
 File Encoding         : 65001

 Date: 29/07/2021 00:39:46
*/


-- ----------------------------
-- Sequence structure for action_translates_id_seq
-- ----------------------------
DROP SEQUENCE IF EXISTS "public"."action_translates_id_seq";
CREATE SEQUENCE "public"."action_translates_id_seq" 
INCREMENT 1
MINVALUE  1
MAXVALUE 9223372036854775807
START 1
CACHE 1;

-- ----------------------------
-- Sequence structure for action_translates_id_seq1
-- ----------------------------
DROP SEQUENCE IF EXISTS "public"."action_translates_id_seq1";
CREATE SEQUENCE "public"."action_translates_id_seq1" 
INCREMENT 1
MINVALUE  1
MAXVALUE 9223372036854775807
START 1
CACHE 1;

-- ----------------------------
-- Sequence structure for actions_id_seq
-- ----------------------------
DROP SEQUENCE IF EXISTS "public"."actions_id_seq";
CREATE SEQUENCE "public"."actions_id_seq" 
INCREMENT 1
MINVALUE  1
MAXVALUE 9223372036854775807
START 1
CACHE 1;

-- ----------------------------
-- Sequence structure for actions_id_seq1
-- ----------------------------
DROP SEQUENCE IF EXISTS "public"."actions_id_seq1";
CREATE SEQUENCE "public"."actions_id_seq1" 
INCREMENT 1
MINVALUE  1
MAXVALUE 9223372036854775807
START 1
CACHE 1;

-- ----------------------------
-- Sequence structure for agency_offer_id_seq
-- ----------------------------
DROP SEQUENCE IF EXISTS "public"."agency_offer_id_seq";
CREATE SEQUENCE "public"."agency_offer_id_seq" 
INCREMENT 1
MINVALUE  1
MAXVALUE 9223372036854775807
START 1
CACHE 1;

-- ----------------------------
-- Sequence structure for agency_offer_id_seq1
-- ----------------------------
DROP SEQUENCE IF EXISTS "public"."agency_offer_id_seq1";
CREATE SEQUENCE "public"."agency_offer_id_seq1" 
INCREMENT 1
MINVALUE  1
MAXVALUE 9223372036854775807
START 1
CACHE 1;

-- ----------------------------
-- Sequence structure for bot_session_id_seq
-- ----------------------------
DROP SEQUENCE IF EXISTS "public"."bot_session_id_seq";
CREATE SEQUENCE "public"."bot_session_id_seq" 
INCREMENT 1
MINVALUE  1
MAXVALUE 9223372036854775807
START 1
CACHE 1;

-- ----------------------------
-- Sequence structure for bot_session_id_seq1
-- ----------------------------
DROP SEQUENCE IF EXISTS "public"."bot_session_id_seq1";
CREATE SEQUENCE "public"."bot_session_id_seq1" 
INCREMENT 1
MINVALUE  1
MAXVALUE 9223372036854775807
START 1
CACHE 1;

-- ----------------------------
-- Sequence structure for languages_id_seq
-- ----------------------------
DROP SEQUENCE IF EXISTS "public"."languages_id_seq";
CREATE SEQUENCE "public"."languages_id_seq" 
INCREMENT 1
MINVALUE  1
MAXVALUE 9223372036854775807
START 1
CACHE 1;

-- ----------------------------
-- Sequence structure for languages_id_seq1
-- ----------------------------
DROP SEQUENCE IF EXISTS "public"."languages_id_seq1";
CREATE SEQUENCE "public"."languages_id_seq1" 
INCREMENT 1
MINVALUE  1
MAXVALUE 9223372036854775807
START 1
CACHE 1;

-- ----------------------------
-- Sequence structure for question_translates_id_seq
-- ----------------------------
DROP SEQUENCE IF EXISTS "public"."question_translates_id_seq";
CREATE SEQUENCE "public"."question_translates_id_seq" 
INCREMENT 1
MINVALUE  1
MAXVALUE 9223372036854775807
START 1
CACHE 1;

-- ----------------------------
-- Sequence structure for question_translates_id_seq1
-- ----------------------------
DROP SEQUENCE IF EXISTS "public"."question_translates_id_seq1";
CREATE SEQUENCE "public"."question_translates_id_seq1" 
INCREMENT 1
MINVALUE  1
MAXVALUE 9223372036854775807
START 1
CACHE 1;

-- ----------------------------
-- Sequence structure for questions_id_seq
-- ----------------------------
DROP SEQUENCE IF EXISTS "public"."questions_id_seq";
CREATE SEQUENCE "public"."questions_id_seq" 
INCREMENT 1
MINVALUE  1
MAXVALUE 9223372036854775807
START 1
CACHE 1;

-- ----------------------------
-- Sequence structure for questions_id_seq1
-- ----------------------------
DROP SEQUENCE IF EXISTS "public"."questions_id_seq1";
CREATE SEQUENCE "public"."questions_id_seq1" 
INCREMENT 1
MINVALUE  1
MAXVALUE 9223372036854775807
START 1
CACHE 1;

-- ----------------------------
-- Table structure for action_translates
-- ----------------------------
DROP TABLE IF EXISTS "public"."action_translates";
CREATE TABLE "public"."action_translates" (
  "id" int8 NOT NULL GENERATED BY DEFAULT AS IDENTITY (
INCREMENT 1
MINVALUE  1
MAXVALUE 9223372036854775807
START 1
),
  "context" varchar(255) COLLATE "pg_catalog"."default",
  "action_id" int8,
  "lang_id" int8
)
;

-- ----------------------------
-- Records of action_translates
-- ----------------------------
INSERT INTO "public"."action_translates" VALUES (5, 'İstirahət-gəzinti', 4, 2);
INSERT INTO "public"."action_translates" VALUES (4, 'Отдых и прогулки', 4, 1);
INSERT INTO "public"."action_translates" VALUES (6, 'Recreation and walking', 4, 3);
INSERT INTO "public"."action_translates" VALUES (13, 'Excursion', 5, 3);
INSERT INTO "public"."action_translates" VALUES (14, 'Extreme', 6, 3);
INSERT INTO "public"."action_translates" VALUES (15, 'Does not matter', 7, 3);
INSERT INTO "public"."action_translates" VALUES (2, '🇬🇧 English 🇬🇧', 3, 4);
INSERT INTO "public"."action_translates" VALUES (3, '🇷🇺 Русский язык 🇷🇺', 1, 4);
INSERT INTO "public"."action_translates" VALUES (10, 'Экскурсия', 5, 1);
INSERT INTO "public"."action_translates" VALUES (11, 'Экстримальное', 6, 1);
INSERT INTO "public"."action_translates" VALUES (12, 'Не важно', 7, 1);
INSERT INTO "public"."action_translates" VALUES (8, 'Ekstremal', 6, 2);
INSERT INTO "public"."action_translates" VALUES (9, 'Fərq etməz', 7, 2);
INSERT INTO "public"."action_translates" VALUES (7, 'Ekskursiya', 5, 2);
INSERT INTO "public"."action_translates" VALUES (1, '🇦🇿 Azərbaycan dili 🇦🇿', 2, 4);
INSERT INTO "public"."action_translates" VALUES (17, 'Agentlərin təklifləri', 16, 2);
INSERT INTO "public"."action_translates" VALUES (16, 'Предложения агентств', 16, 1);
INSERT INTO "public"."action_translates" VALUES (18, 'Agency proposals', 16, 3);
INSERT INTO "public"."action_translates" VALUES (19, 'Ввести самому', 8, 1);
INSERT INTO "public"."action_translates" VALUES (20, 'Özüm daxil edim', 8, 2);
INSERT INTO "public"."action_translates" VALUES (21, 'Enter yourself', 8, 3);
INSERT INTO "public"."action_translates" VALUES (23, 'Загрузить больше', 18, 1);
INSERT INTO "public"."action_translates" VALUES (24, 'Daha çox yüklə', 18, 2);
INSERT INTO "public"."action_translates" VALUES (25, 'Load more', 18, 3);
INSERT INTO "public"."action_translates" VALUES (26, 'Да', 19, 1);
INSERT INTO "public"."action_translates" VALUES (27, 'Bəli', 19, 2);
INSERT INTO "public"."action_translates" VALUES (28, 'Yes', 19, 3);
INSERT INTO "public"."action_translates" VALUES (29, 'Нет', 20, 1);
INSERT INTO "public"."action_translates" VALUES (30, 'Xeyr', 20, 2);
INSERT INTO "public"."action_translates" VALUES (31, 'No', 20, 3);
INSERT INTO "public"."action_translates" VALUES (32, 'Отправить контактную информацию', 23, 1);
INSERT INTO "public"."action_translates" VALUES (33, 'Əlaqə məlumatlarını göndər', 23, 2);
INSERT INTO "public"."action_translates" VALUES (34, 'Send contact information', 23, 3);

-- ----------------------------
-- Table structure for actions
-- ----------------------------
DROP TABLE IF EXISTS "public"."actions";
CREATE TABLE "public"."actions" (
  "id" int8 NOT NULL GENERATED BY DEFAULT AS IDENTITY (
INCREMENT 1
MINVALUE  1
MAXVALUE 9223372036854775807
START 1
),
  "type" varchar(255) COLLATE "pg_catalog"."default",
  "next_id" int8,
  "question_id" int8,
  "callback" varchar(255) COLLATE "pg_catalog"."default",
  "keyword" varchar(255) COLLATE "pg_catalog"."default"
)
;

-- ----------------------------
-- Records of actions
-- ----------------------------
INSERT INTO "public"."actions" VALUES (17, 'FREETEXT', 4, 10, NULL, NULL);
INSERT INTO "public"."actions" VALUES (18, 'INLINE_BUTTON', NULL, 11, 'NEXT', NULL);
INSERT INTO "public"."actions" VALUES (21, 'FREETEXT', 14, 13, NULL, NULL);
INSERT INTO "public"."actions" VALUES (22, 'FREETEXT', NULL, 14, NULL, NULL);
INSERT INTO "public"."actions" VALUES (14, 'CALENDAR', 6, 9, NULL, NULL);
INSERT INTO "public"."actions" VALUES (10, 'CALENDAR', 9, 5, NULL, NULL);
INSERT INTO "public"."actions" VALUES (5, 'BUTTON', 3, 2, NULL, 'EXCURSION');
INSERT INTO "public"."actions" VALUES (7, 'BUTTON', 3, 2, NULL, 'DOES_NOT_MATTER');
INSERT INTO "public"."actions" VALUES (8, 'BUTTON', 10, 3, NULL, 'YOURSELF');
INSERT INTO "public"."actions" VALUES (16, 'BUTTON', 4, 3, NULL, 'AGENCY_PROPOSALS');
INSERT INTO "public"."actions" VALUES (6, 'BUTTON', 3, 2, NULL, 'EXTREME');
INSERT INTO "public"."actions" VALUES (4, 'BUTTON', 3, 2, NULL, 'RELAX_AND_WALK');
INSERT INTO "public"."actions" VALUES (19, 'BUTTON', 13, 12, NULL, 'YES');
INSERT INTO "public"."actions" VALUES (1, 'BUTTON', 2, 1, NULL, 'RU');
INSERT INTO "public"."actions" VALUES (2, 'BUTTON', 2, 1, NULL, 'AZ');
INSERT INTO "public"."actions" VALUES (3, 'BUTTON', 2, 1, NULL, 'EN');
INSERT INTO "public"."actions" VALUES (20, 'BUTTON', 15, 12, NULL, 'NO');
INSERT INTO "public"."actions" VALUES (23, 'BUTTON_CONTACT_INFO', 14, 15, NULL, NULL);
INSERT INTO "public"."actions" VALUES (9, 'FREETEXT', 5, 4, NULL, NULL);
INSERT INTO "public"."actions" VALUES (11, 'FREETEXT', 7, 6, NULL, NULL);
INSERT INTO "public"."actions" VALUES (15, 'FREETEXT', NULL, 8, NULL, NULL);
INSERT INTO "public"."actions" VALUES (12, 'FREETEXT', 8, 7, NULL, NULL);

-- ----------------------------
-- Table structure for agency_offer
-- ----------------------------
DROP TABLE IF EXISTS "public"."agency_offer";
CREATE TABLE "public"."agency_offer" (
  "id" int8 NOT NULL GENERATED BY DEFAULT AS IDENTITY (
INCREMENT 1
MINVALUE  1
MAXVALUE 9223372036854775807
START 1
),
  "uuid" varchar(255) COLLATE "pg_catalog"."default",
  "agency_name" varchar(255) COLLATE "pg_catalog"."default",
  "file_path" varchar(255) COLLATE "pg_catalog"."default",
  "message_id" int4,
  "username" varchar(255) COLLATE "pg_catalog"."default"
)
;

-- ----------------------------
-- Records of agency_offer
-- ----------------------------

-- ----------------------------
-- Table structure for bot_session
-- ----------------------------
DROP TABLE IF EXISTS "public"."bot_session";
CREATE TABLE "public"."bot_session" (
  "id" int8 NOT NULL GENERATED BY DEFAULT AS IDENTITY (
INCREMENT 1
MINVALUE  1
MAXVALUE 9223372036854775807
START 1
),
  "uuid" varchar(255) COLLATE "pg_catalog"."default",
  "chat_id" varchar(255) COLLATE "pg_catalog"."default",
  "client_id" int8,
  "count_of_offers" int4 NOT NULL,
  "count_of_sent" int4 NOT NULL,
  "created_at" timestamp(6),
  "lock" bool NOT NULL,
  "next_message_id" varchar(255) COLLATE "pg_catalog"."default",
  "status" bool NOT NULL,
  "expired_at" timestamp(6),
  "waiting_answer" bool NOT NULL
)
;

-- ----------------------------
-- Records of bot_session
-- ----------------------------
INSERT INTO "public"."bot_session" VALUES (39, '28fbb0d6-5bf8-4088-bac5-4d55cc3c46aa', '387071138', 387071138, 1, 1, '2021-07-28 11:14:21.011847', 'f', NULL, 'f', '2021-07-28 11:34:01.156957', 't');
INSERT INTO "public"."bot_session" VALUES (40, '19b2e4c1-4f40-4345-bcd6-82ed0b7f2e05', '387071138', 387071138, 0, 0, '2021-07-28 11:43:16.296099', 'f', NULL, 'f', NULL, 'f');
INSERT INTO "public"."bot_session" VALUES (73, '24b5cbb7-9224-4e24-9dc3-bdb7721c8de1', '387071138', 387071138, 1, 1, '2021-07-28 12:13:35.252168', 'f', NULL, 'f', '2021-07-28 11:22:04', 't');
INSERT INTO "public"."bot_session" VALUES (74, '00cb511b-92ed-4324-885b-39883285468b', '387071138', 387071138, 0, 0, '2021-07-28 16:00:39.148472', 'f', NULL, 't', NULL, 'f');
INSERT INTO "public"."bot_session" VALUES (41, '09128841-ee45-4250-9fb5-465f4fd120e8', '387071138', 387071138, 0, 0, '2021-07-28 11:45:37.279127', 'f', NULL, 'f', NULL, 'f');
INSERT INTO "public"."bot_session" VALUES (42, '3cce11da-af31-4ba5-9e62-cf32df67db76', '387071138', 387071138, 1, 1, '2021-07-28 11:46:29.678827', 'f', NULL, 'f', '2021-07-28 10:49:04', 't');

-- ----------------------------
-- Table structure for languages
-- ----------------------------
DROP TABLE IF EXISTS "public"."languages";
CREATE TABLE "public"."languages" (
  "id" int8 NOT NULL GENERATED BY DEFAULT AS IDENTITY (
INCREMENT 1
MINVALUE  1
MAXVALUE 9223372036854775807
START 1
),
  "lang" varchar(255) COLLATE "pg_catalog"."default"
)
;

-- ----------------------------
-- Records of languages
-- ----------------------------
INSERT INTO "public"."languages" VALUES (3, '🇬🇧 English 🇬🇧');
INSERT INTO "public"."languages" VALUES (1, '🇷🇺 Русский язык 🇷🇺');
INSERT INTO "public"."languages" VALUES (4, 'no lang');
INSERT INTO "public"."languages" VALUES (2, '🇦🇿 Azərbaycan dili 🇦🇿');

-- ----------------------------
-- Table structure for question_translates
-- ----------------------------
DROP TABLE IF EXISTS "public"."question_translates";
CREATE TABLE "public"."question_translates" (
  "id" int8 NOT NULL GENERATED BY DEFAULT AS IDENTITY (
INCREMENT 1
MINVALUE  1
MAXVALUE 9223372036854775807
START 1
),
  "context" varchar(255) COLLATE "pg_catalog"."default",
  "lang_id" int8,
  "question_id" int8
)
;

-- ----------------------------
-- Records of question_translates
-- ----------------------------
INSERT INTO "public"."question_translates" VALUES (33, 'You have %s more presets!', 3, 11);
INSERT INTO "public"."question_translates" VALUES (31, 'У вас есть еще несколько предложений!(%s)', 1, 11);
INSERT INTO "public"."question_translates" VALUES (32, 'Sizdə daha %s təklifiniz var!', 2, 11);
INSERT INTO "public"."question_translates" VALUES (34, 'Хотите ввести телефонный номер?', 1, 12);
INSERT INTO "public"."question_translates" VALUES (35, 'Telefon nömrəsini daxil etmək istəyirsiniz?', 2, 12);
INSERT INTO "public"."question_translates" VALUES (36, 'Do you want to enter a phone number?', 3, 12);
INSERT INTO "public"."question_translates" VALUES (37, 'Введите номер телефона.', 1, 13);
INSERT INTO "public"."question_translates" VALUES (38, 'Telefon nömrənizi daxil edin.', 2, 13);
INSERT INTO "public"."question_translates" VALUES (39, 'Enter your phone number.', 3, 13);
INSERT INTO "public"."question_translates" VALUES (40, 'Спасибо за использование нашего бота. Скоро агентство с вами свяжется!', 1, 14);
INSERT INTO "public"."question_translates" VALUES (41, 'Botumuzu istifadə etdiyiniz üçün təşəkkür edirik. Agentlik tezliklə sizinlə əlaqə quracaq!', 2, 14);
INSERT INTO "public"."question_translates" VALUES (4, 'Səyahətin tipin seçin', 2, 2);
INSERT INTO "public"."question_translates" VALUES (6, 'Select the type of trip', 3, 2);
INSERT INTO "public"."question_translates" VALUES (5, 'Выберите тип поездки', 1, 2);
INSERT INTO "public"."question_translates" VALUES (1, '🇷🇺 Добро пожаловать в бот TurAl! Пожалуйста, выберите язык.', 4, 1);
INSERT INTO "public"."question_translates" VALUES (2, '🇦🇿 TurAl bot-a xoş gəldiniz! Zəhmət olmasa dili seçin.', 4, 1);
INSERT INTO "public"."question_translates" VALUES (3, '🇬🇧 Welcome to the TurAl bot! Please select a language.', 4, 1);
INSERT INTO "public"."question_translates" VALUES (8, 'Hara getmək isləyirsiniz?', 2, 3);
INSERT INTO "public"."question_translates" VALUES (7, 'Куда вы хотите пойти?', 1, 3);
INSERT INTO "public"."question_translates" VALUES (9, 'Where do you want to go?', 3, 3);
INSERT INTO "public"."question_translates" VALUES (11, 'Hansı şəhərdən yollanacaqsız ?', 2, 4);
INSERT INTO "public"."question_translates" VALUES (10, 'Из какого города вы отправляетесь?', 1, 4);
INSERT INTO "public"."question_translates" VALUES (12, 'From which city do you go?', 3, 4);
INSERT INTO "public"."question_translates" VALUES (42, 'Thanks for using our bot. The agency will contact you soon!', 3, 14);
INSERT INTO "public"."question_translates" VALUES (43, 'Для того чтобы агентство с вами связалась нам нужна контактная информация телеграм.', 1, 15);
INSERT INTO "public"."question_translates" VALUES (15, 'Enter your travel date.', 3, 5);
INSERT INTO "public"."question_translates" VALUES (44, 'Agentliyin sizinlə əlaqə qurması üçün telegram əlaqə məlumatlarına ehtiyacımız var.', 2, 15);
INSERT INTO "public"."question_translates" VALUES (13, 'Введите дату поездки.', 1, 5);
INSERT INTO "public"."question_translates" VALUES (17, 'Səyahət edəcək insan sayı nə qədərdi?', 2, 6);
INSERT INTO "public"."question_translates" VALUES (18, 'How many people will travel?', 3, 6);
INSERT INTO "public"."question_translates" VALUES (16, 'Сколько человек поедет?', 1, 6);
INSERT INTO "public"."question_translates" VALUES (45, 'In order for the agency to contact you', 3, 15);
INSERT INTO "public"."question_translates" VALUES (19, '
Какой бюджет вы хотите выделить на поездку?', 1, 7);
INSERT INTO "public"."question_translates" VALUES (21, 'What budget do you want to allocate for the trip?', 3, 7);
INSERT INTO "public"."question_translates" VALUES (20, '
Səfər üçün hansı büdcə ayırmaq istəyirsiniz?', 2, 7);
INSERT INTO "public"."question_translates" VALUES (23, 'Əla! Qısa zamanda TurAl sizə təkliflər göndərəcək!', 2, 8);
INSERT INTO "public"."question_translates" VALUES (24, 'Excellent! TurAl will send you offers as soon as possible!', 3, 8);
INSERT INTO "public"."question_translates" VALUES (22, 'Отлично! TurAl отправит вам предложения в кратчайшие сроки!', 1, 8);
INSERT INTO "public"."question_translates" VALUES (26, 'Введите дату возвращения.', 1, 9);
INSERT INTO "public"."question_translates" VALUES (27, 'Enter the return date.', 3, 9);
INSERT INTO "public"."question_translates" VALUES (25, 'Qayıtma tarixin daxil edin.', 2, 9);
INSERT INTO "public"."question_translates" VALUES (14, 'Səyahət tarixin daxil edin.', 2, 5);
INSERT INTO "public"."question_translates" VALUES (28, 'Введите название места в которую вы хотите отправиться.', 1, 10);
INSERT INTO "public"."question_translates" VALUES (29, 'Səyahət etmək istədiyiniz yerin adını daxil edin.', 2, 10);
INSERT INTO "public"."question_translates" VALUES (30, 'Enter the name of the place you want to travel to.', 3, 10);

-- ----------------------------
-- Table structure for questions
-- ----------------------------
DROP TABLE IF EXISTS "public"."questions";
CREATE TABLE "public"."questions" (
  "id" int8 NOT NULL GENERATED BY DEFAULT AS IDENTITY (
INCREMENT 1
MINVALUE  1
MAXVALUE 9223372036854775807
START 1
),
  "state" varchar(255) COLLATE "pg_catalog"."default",
  "regex" varchar(255) COLLATE "pg_catalog"."default"
)
;

-- ----------------------------
-- Records of questions
-- ----------------------------
INSERT INTO "public"."questions" VALUES (14, 'REPLY_END', NULL);
INSERT INTO "public"."questions" VALUES (11, 'NEXT', NULL);
INSERT INTO "public"."questions" VALUES (13, 'REPLY', '\+(9[976]\d|8[987530]\d|6[987]\d|5[90]\d|42\d|3[875]\d|
2[98654321]\d|9[8543210]|8[6421]|6[6543210]|5[87654321]|
4[987654310]|3[9643210]|2[70]|7|1)\d{1,14}$');
INSERT INTO "public"."questions" VALUES (2, 'tourType', NULL);
INSERT INTO "public"."questions" VALUES (15, 'CONTACT_INFO', NULL);
INSERT INTO "public"."questions" VALUES (7, 'budget', '^\d{0,10}$');
INSERT INTO "public"."questions" VALUES (5, 'travelStartDate', '^((19|20)\d\d)-(0?[1-9]|1[012])-(0?[1-9]|[12][0-9]|3[01])$');
INSERT INTO "public"."questions" VALUES (9, 'travelEndDate', '^((19|20)\d\d)-(0?[1-9]|1[012])-(0?[1-9]|[12][0-9]|3[01])$');
INSERT INTO "public"."questions" VALUES (1, NULL, NULL);
INSERT INTO "public"."questions" VALUES (4, 'addressFrom', '^.{2,50}$');
INSERT INTO "public"."questions" VALUES (8, NULL, '^.{2,50}$');
INSERT INTO "public"."questions" VALUES (12, 'REPLY_START', '^.{2,50}$');
INSERT INTO "public"."questions" VALUES (10, 'addressToUser', '^.{2,50}$');
INSERT INTO "public"."questions" VALUES (3, 'addressToType', '^.{2,50}$');
INSERT INTO "public"."questions" VALUES (6, 'travellerCount', '^.{1,50}$');

-- ----------------------------
-- Alter sequences owned by
-- ----------------------------
ALTER SEQUENCE "public"."action_translates_id_seq"
OWNED BY "public"."action_translates"."id";
SELECT setval('"public"."action_translates_id_seq"', 36, true);

-- ----------------------------
-- Alter sequences owned by
-- ----------------------------
ALTER SEQUENCE "public"."action_translates_id_seq1"
OWNED BY "public"."action_translates"."id";
SELECT setval('"public"."action_translates_id_seq1"', 2, false);

-- ----------------------------
-- Alter sequences owned by
-- ----------------------------
ALTER SEQUENCE "public"."actions_id_seq"
OWNED BY "public"."actions"."id";
SELECT setval('"public"."actions_id_seq"', 25, true);

-- ----------------------------
-- Alter sequences owned by
-- ----------------------------
ALTER SEQUENCE "public"."actions_id_seq1"
OWNED BY "public"."actions"."id";
SELECT setval('"public"."actions_id_seq1"', 2, false);

-- ----------------------------
-- Alter sequences owned by
-- ----------------------------
ALTER SEQUENCE "public"."agency_offer_id_seq"
OWNED BY "public"."agency_offer"."id";
SELECT setval('"public"."agency_offer_id_seq"', 441, true);

-- ----------------------------
-- Alter sequences owned by
-- ----------------------------
ALTER SEQUENCE "public"."agency_offer_id_seq1"
OWNED BY "public"."agency_offer"."id";
SELECT setval('"public"."agency_offer_id_seq1"', 44, true);

-- ----------------------------
-- Alter sequences owned by
-- ----------------------------
ALTER SEQUENCE "public"."bot_session_id_seq"
OWNED BY "public"."bot_session"."id";
SELECT setval('"public"."bot_session_id_seq"', 76, true);

-- ----------------------------
-- Alter sequences owned by
-- ----------------------------
ALTER SEQUENCE "public"."bot_session_id_seq1"
OWNED BY "public"."bot_session"."id";
SELECT setval('"public"."bot_session_id_seq1"', 75, true);

-- ----------------------------
-- Alter sequences owned by
-- ----------------------------
ALTER SEQUENCE "public"."languages_id_seq"
OWNED BY "public"."languages"."id";
SELECT setval('"public"."languages_id_seq"', 6, true);

-- ----------------------------
-- Alter sequences owned by
-- ----------------------------
ALTER SEQUENCE "public"."languages_id_seq1"
OWNED BY "public"."languages"."id";
SELECT setval('"public"."languages_id_seq1"', 2, false);

-- ----------------------------
-- Alter sequences owned by
-- ----------------------------
ALTER SEQUENCE "public"."question_translates_id_seq"
OWNED BY "public"."question_translates"."id";
SELECT setval('"public"."question_translates_id_seq"', 47, true);

-- ----------------------------
-- Alter sequences owned by
-- ----------------------------
ALTER SEQUENCE "public"."question_translates_id_seq1"
OWNED BY "public"."question_translates"."id";
SELECT setval('"public"."question_translates_id_seq1"', 2, false);

-- ----------------------------
-- Alter sequences owned by
-- ----------------------------
ALTER SEQUENCE "public"."questions_id_seq"
OWNED BY "public"."questions"."id";
SELECT setval('"public"."questions_id_seq"', 17, true);

-- ----------------------------
-- Alter sequences owned by
-- ----------------------------
ALTER SEQUENCE "public"."questions_id_seq1"
OWNED BY "public"."questions"."id";
SELECT setval('"public"."questions_id_seq1"', 2, false);

-- ----------------------------
-- Primary Key structure for table action_translates
-- ----------------------------
ALTER TABLE "public"."action_translates" ADD CONSTRAINT "action_translates_pkey" PRIMARY KEY ("id");

-- ----------------------------
-- Primary Key structure for table actions
-- ----------------------------
ALTER TABLE "public"."actions" ADD CONSTRAINT "actions_pkey" PRIMARY KEY ("id");

-- ----------------------------
-- Primary Key structure for table agency_offer
-- ----------------------------
ALTER TABLE "public"."agency_offer" ADD CONSTRAINT "agency_offer_pkey" PRIMARY KEY ("id");

-- ----------------------------
-- Primary Key structure for table bot_session
-- ----------------------------
ALTER TABLE "public"."bot_session" ADD CONSTRAINT "bot_session_pkey" PRIMARY KEY ("id");

-- ----------------------------
-- Primary Key structure for table languages
-- ----------------------------
ALTER TABLE "public"."languages" ADD CONSTRAINT "languages_pkey" PRIMARY KEY ("id");

-- ----------------------------
-- Primary Key structure for table question_translates
-- ----------------------------
ALTER TABLE "public"."question_translates" ADD CONSTRAINT "question_translates_pkey" PRIMARY KEY ("id");

-- ----------------------------
-- Primary Key structure for table questions
-- ----------------------------
ALTER TABLE "public"."questions" ADD CONSTRAINT "questions_pkey" PRIMARY KEY ("id");

-- ----------------------------
-- Foreign Keys structure for table action_translates
-- ----------------------------
ALTER TABLE "public"."action_translates" ADD CONSTRAINT "fk1e9sdshxohhtgj7ybm7xwwxe8" FOREIGN KEY ("lang_id") REFERENCES "public"."languages" ("id") ON DELETE NO ACTION ON UPDATE NO ACTION;
ALTER TABLE "public"."action_translates" ADD CONSTRAINT "fkdf2ssyl3bvfbygy86oyxqlcor" FOREIGN KEY ("action_id") REFERENCES "public"."actions" ("id") ON DELETE NO ACTION ON UPDATE NO ACTION;

-- ----------------------------
-- Foreign Keys structure for table actions
-- ----------------------------
ALTER TABLE "public"."actions" ADD CONSTRAINT "fka4gtak4ytt4e6u77htx5f6n5j" FOREIGN KEY ("next_id") REFERENCES "public"."questions" ("id") ON DELETE NO ACTION ON UPDATE NO ACTION;
ALTER TABLE "public"."actions" ADD CONSTRAINT "fkkeeyro5h5ptb20593mxof7spo" FOREIGN KEY ("question_id") REFERENCES "public"."questions" ("id") ON DELETE NO ACTION ON UPDATE NO ACTION;

-- ----------------------------
-- Foreign Keys structure for table question_translates
-- ----------------------------
ALTER TABLE "public"."question_translates" ADD CONSTRAINT "fk30e77mruf77kmbenwtp81uluh" FOREIGN KEY ("lang_id") REFERENCES "public"."languages" ("id") ON DELETE NO ACTION ON UPDATE NO ACTION;
ALTER TABLE "public"."question_translates" ADD CONSTRAINT "fko4ufmcn4w3l8hdep5c7dw55ra" FOREIGN KEY ("question_id") REFERENCES "public"."questions" ("id") ON DELETE NO ACTION ON UPDATE NO ACTION;
